n,Iterativa,Ricorsiva,Tail-ricorsiva
10,0.00045300000017789444,0.0006480000003250552,0.0006779999992545527
50,0.002629000000808901,0.003615000000678492,0.004142999999956487
100,0.00574899999961076,0.008034999998685066,0.008714000001575073
200,0.01351000000049396,0.16712300000065738,0.14472500000017874
500,0.05424799999964591,0.48563200000018014,0.5966099999987762
900,0.14816000000017482,0.9681019999998597,1.204917999999111
